{
  "mt:item_related_advancements/mountain_leggings": {
    "criteria": {
      "requirement": "2024-08-08 13:39:38 +0000"
    },
    "done": true
  },
  "minecraft:recipes/decorations/crafting_table": {
    "criteria": {
      "unlock_right_away": "2024-08-08 13:39:36 +0000"
    },
    "done": true
  },
  "mt:mechanics/small/timer": {
    "criteria": {
      "requirement": "2024-08-08 13:39:36 +0000"
    },
    "done": true
  },
  "betterend:root": {
    "criteria": {
      "welcome": "2024-08-08 13:39:38 +0000"
    },
    "done": true
  },
  "biomesoplenty:biomesoplenty/root": {
    "criteria": {
      "aspen_glade": "2024-08-08 13:39:38 +0000"
    },
    "done": true
  },
  "mt:mechanics/big/timer": {
    "criteria": {
      "requirement": "2024-08-08 13:39:36 +0000"
    },
    "done": true
  },
  "mt:load": {
    "criteria": {
      "requirement": "2024-08-08 13:39:36 +0000"
    },
    "done": true
  },
  "biomesoplenty:biomesoplenty/all_biomes": {
    "criteria": {
      "aspen_glade": "2024-08-08 13:39:38 +0000",
      "crag": "2024-08-08 13:40:39 +0000"
    },
    "done": false
  },
  "mt:item_related_advancements/jungle_shoes": {
    "criteria": {
      "requirement": "2024-08-08 13:39:38 +0000"
    },
    "done": true
  },
  "mt:mechanics/step_height/timer": {
    "criteria": {
      "requirement": "2024-08-08 13:39:36 +0000"
    },
    "done": true
  },
  "mt:mechanics/reach/timer": {
    "criteria": {
      "requirement": "2024-08-08 13:39:36 +0000"
    },
    "done": true
  },
  "minecraft:adventure/adventuring_time": {
    "criteria": {
      "minecraft:cold_ocean": "2024-08-08 13:40:18 +0000",
      "minecraft:stony_shore": "2024-08-08 13:40:04 +0000"
    },
    "done": false
  },
  "mt:mechanics/charm/timer": {
    "criteria": {
      "requirement": "2024-08-08 13:39:38 +0000"
    },
    "done": true
  },
  "mt:mechanics/light/timer": {
    "criteria": {
      "requirement": "2024-08-08 13:39:36 +0000"
    },
    "done": true
  },
  "DataVersion": 3953
}